"participant_id","all_valid","all_reason_invalid","all_twcv","all_num_clusters","dig_valid","dig_reason_invalid","dig_twcv","dig_num_clusters","lett_valid","lett_reason_invalid","lett_twcv","lett_num_clusters","wkd_valid","wkd_reason_invalid","wkd_twcv","wkd_num_clusters","mon_valid","mon_reason_invalid","mon_twcv","mon_num_clusters"
"3",TRUE,"",1040.63983094975,29,TRUE,"",201.589364212124,23,TRUE,"",364.603647673642,33,TRUE,"",195.256279745784,17,TRUE,"",145.756721440215,22
"4",TRUE,"",974.874752823132,28,TRUE,"",189.809786919359,20,TRUE,"",321.018676458361,34,TRUE,"",104.247117114716,15,TRUE,"",294.655011176918,22
"5",TRUE,"",1332.56441263489,27,TRUE,"",72.2297477421317,22,TRUE,"",259.661570102713,35,TRUE,"",262.594126533241,17,TRUE,"",187.485756115156,29
"6",TRUE,"",1272.68117366435,31,TRUE,"",152.934572879312,22,TRUE,"",462.19216223369,27,TRUE,"",183.288498344591,17,TRUE,"",112.368969966683,28
"7",TRUE,"",1940.00790062755,31,TRUE,"",147.017844720115,22,TRUE,"",256.746939579392,37,TRUE,"",118.548573614472,20,TRUE,"",129.72098246495,26
"8",TRUE,"",1317.8300043137,28,TRUE,"",241.573698815199,21,TRUE,"",249.93624827492,38,TRUE,"",90.568664622185,18,TRUE,"",106.094914794245,29
"31",TRUE,"",396.789626801298,15,FALSE,"hi_prop_tight_cluster",0,6,FALSE,"hi_prop_tight_cluster",25.0691867510245,12,TRUE,"",89.4938587962081,12,TRUE,"",595.716276129513,11
